{
  "allowIllegalTexturePaths": true,
  "enableCustomTextures": true,
  "enableCustomBlockEntities": true,
  "textureUpdateFrequency_V2": "Fast",
  "restrictUpdateProperties": true,
  "restrictBiome": true,
  "restrictHeight": true,
  "restrictBlock": true,
  "restrictWeather": true,
  "restrictDayTime": true,
  "restrictMoonPhase": true,
  "enableEmissiveTextures": true,
  "enableEmissiveBlockEntities": true,
  "fullBrightEmissives": false,
  "specialEmissiveShield": true,
  "alwaysCheckVanillaEmissiveSuffix": true,
  "skinFeaturesEnabled": false,
  "skinFeaturesEnableTransparency": false,
  "skinFeaturesEnableFullTransparency": false,
  "skinFeaturesPrintETFReadySkin": false,
  "ignoreConfigWarnings": false,
  "enableEnemyTeamPlayersSkinFeatures": true,
  "enableBlinking": true,
  "blinkFrequency": 150,
  "blinkLength": 1,
  "enableTridents": true,
  "enableElytra": true,
  "elytraThicknessFix": false,
  "advanced_IncreaseCacheSizeModifier": 1.0,
  "debugLoggingMode": "None",
  "temporary_fixIrisPBR": false
}