{
  "enableDusts": false,
  "enableNuggets": true,
  "enableAnvils": true,
  "adamantite": {
    "enabled": true,
    "veinSize": 5,
    "perChunk": 1,
    "bottom": -54,
    "top": -20,
    "discardChance": 0.125,
    "offset": false,
    "trapezoid": true
  },
  "aquarium": {
    "enabled": true,
    "veinSize": 9,
    "perChunk": 4,
    "bottom": 41,
    "top": 63,
    "discardChance": 0.0,
    "offset": false,
    "trapezoid": false
  },
  "banglum": {
    "enabled": true,
    "veinSize": 6,
    "perChunk": 3,
    "bottom": 50,
    "top": 69,
    "discardChance": 0.125,
    "veinSizeVariant": 8,
    "perChunkVariant": 4,
    "bottomVariant": 69,
    "topVariant": 110,
    "offset": false,
    "trapezoid": false
  },
  "carmot": {
    "enabled": true,
    "veinSize": 4,
    "perChunk": 1,
    "bottom": -24,
    "top": 10,
    "discardChance": 0.25,
    "offset": false,
    "trapezoid": false
  },
  "kyber": {
    "enabled": true,
    "veinSize": 3,
    "perChunk": 1,
    "bottom": 12,
    "top": 52,
    "discardChance": 0.5,
    "veinSizeVariant": 15,
    "perChunkVariant": 40,
    "bottomVariant": -62,
    "topVariant": 40,
    "offset": false,
    "trapezoid": false
  },
  "manganese": {
    "enabled": true,
    "veinSize": 9,
    "perChunk": 2,
    "bottom": 28,
    "top": 48,
    "discardChance": 0.25,
    "offset": false,
    "trapezoid": false
  },
  "morkite": {
    "enabled": true,
    "veinSize": 11,
    "perChunk": 3,
    "bottom": 27,
    "top": 32,
    "discardChance": 0.25,
    "offset": true,
    "trapezoid": false
  },
  "midas_gold": {
    "enabled": true,
    "veinSize": 7,
    "perChunk": 4,
    "bottom": 12,
    "top": 125,
    "discardChance": 0.25,
    "offset": false,
    "trapezoid": false
  },
  "mythril": {
    "enabled": true,
    "veinSize": 5,
    "perChunk": 1,
    "bottom": -24,
    "top": 4,
    "discardChance": 0.125,
    "offset": false,
    "trapezoid": true
  },
  "orichalcum": {
    "enabled": true,
    "veinSize": 5,
    "perChunk": 1,
    "bottom": 8,
    "top": 8,
    "discardChance": 0.0,
    "offset": true,
    "trapezoid": false
  },
  "osmium": {
    "enabled": true,
    "veinSize": 6,
    "perChunk": 5,
    "bottom": 50,
    "top": 120,
    "discardChance": 0.25,
    "offset": false,
    "trapezoid": false
  },
  "overworld_nether_ores": {
    "enabled": true,
    "veinSize": 4,
    "perChunk": 2,
    "bottom": 40,
    "top": 70,
    "discardChance": 0.125,
    "offset": false,
    "trapezoid": false
  },
  "palladium": {
    "enabled": true,
    "veinSize": 5,
    "perChunk": 2,
    "bottom": 14,
    "top": 36,
    "discardChance": 0.0,
    "offset": false,
    "trapezoid": false
  },
  "platinum": {
    "enabled": true,
    "veinSize": 6,
    "perChunk": 2,
    "bottom": 8,
    "top": 32,
    "discardChance": 0.0,
    "offset": false,
    "trapezoid": true
  },
  "prometheum": {
    "enabled": true,
    "veinSize": 6,
    "perChunk": 4,
    "bottom": 30,
    "top": 48,
    "discardChance": 0.0,
    "offset": true,
    "trapezoid": false
  },
  "quadrillum": {
    "enabled": true,
    "veinSize": 7,
    "perChunk": 2,
    "bottom": 12,
    "top": 40,
    "discardChance": 0.25,
    "offset": false,
    "trapezoid": false
  },
  "runite": {
    "enabled": true,
    "veinSize": 3,
    "perChunk": 1,
    "bottom": 39,
    "top": 53,
    "discardChance": 0.5,
    "veinSizeVariant": 4,
    "perChunkVariant": 2,
    "bottomVariant": -55,
    "topVariant": -37,
    "offset": false,
    "trapezoid": true
  },
  "silver": {
    "enabled": true,
    "veinSize": 8,
    "perChunk": 4,
    "bottom": 25,
    "top": 42,
    "discardChance": 0.25,
    "offset": false,
    "trapezoid": false
  },
  "starrite": {
    "enabled": true,
    "veinSize": 4,
    "perChunk": 1,
    "bottom": 70,
    "top": 260,
    "discardChance": 0.125,
    "veinSizeVariant": 7,
    "perChunkVariant": 2,
    "bottomVariant": 30,
    "topVariant": 90,
    "offset": false,
    "trapezoid": true
  },
  "stormyx": {
    "enabled": true,
    "veinSize": 8,
    "perChunk": 2,
    "bottom": 4,
    "top": 60,
    "discardChance": 0.0,
    "offset": false,
    "trapezoid": false
  },
  "unobtainium": {
    "enabled": true,
    "veinSize": 3,
    "perChunk": 1,
    "bottom": -54,
    "top": 5,
    "discardChance": 0.0,
    "offset": false,
    "trapezoid": true
  },
  "tin": {
    "enabled": true,
    "veinSize": 8,
    "perChunk": 4,
    "bottom": 64,
    "top": 92,
    "discardChance": 0.25,
    "offset": false,
    "trapezoid": false
  },
  "configVersion": 5,
  "disableFunny": false,
  "blacklist": []
}