{
    "OPEN_FOLDER_SCREEN": false,
    "REMOVE_SPLASH": false,
    "REMOVE_EDITION": false,
    "REMOVE_SINGLEPLAYER": false,
    "REMOVE_MULTIPLAYER": false,
    "REMOVE_REALMS": false,
    "REMOVE_LANGUAGE": false,
    "REMOVE_ACCESSIBILITY": false,
    "REMOVE_COPYRIGHT": false,
    "ADD_FOLDER_TS": false,
    "STOP_SPIN": false,
    "DIRT_BACKGROUND": false,
    "X_OFFSET_TITLE": 0,
    "Y_OFFSET_TITLE": 0,
    "REMOVE_ONLINE": false,
    "REMOVE_FEEDBACK": true,
    "REMOVE_BUGS": true,
    "REMOVE_LANSP": false,
    "REMOVE_LANMP": false,
    "ADD_FOLDER": false,
    "X_OFFSET_PAUSE": 0,
    "Y_OFFSET_PAUSE": 0,
    "ADD_SAVES": false,
    "ADD_RELOAD_SAVES": false,
    "DISABLE_POTION_OFFSET": false,
    "DEV_MODE": false
}